{
    "Initial Balance": 185.2938995361328,
    "Signal Threshold": 0.1,
    "Risk Tolerance": 1.5,
    "Final Portfolio Value": 185.2938995361328,
    "Total Return": 0.0
}